"Ano/mês";"RO";"AC";"AM";"RR";"PA";"AP";"TO";"MA";"PI";"CE";"RN";"PB";"PE";"AL";"SE";"BA";"MG";"ES";"RJ";"SP";"PR";"SC";"RS";"MS";"MT";"GO";"DF";" Total"
"1994";"1066655";"247271";"1060057";"243144";"2702656";"0";"0";"3573421";"1665626";"3525002";"892862";"0";"3433375";"0";"0";"6099252";"0";"1296432";"0";"0";"0";"2942516";"0";"0";"1019664";"1017343";"0";"30785276"
"1995";"1131629";"532068";"1713669";"382307";"2989578";"199883";"0";"4516440";"1440068";"3454249";"1124588";"779729";"6212277";"1093767";"1244236";"4356615";"0";"2549855";"4418954";"2694310";"3546002";"2591758";"4945493";"0";"1243724";"2890781";"8370";"56060350"
"1996";"1321580";"381238";"2330216";"343973";"3762019";"217548";"861857";"3235673";"1339793";"4313033";"1374695";"1620745";"6013353";"1424137";"1158405";"5576198";"0";"1810593";"3624884";"2685627";"3282837";"2102093";"4818668";"624349";"1195919";"2956842";"1059721";"59435996"
"1997";"1268726";"750997";"2714198";"330366";"5986769";"342782";"940661";"4463053";"1491053";"5798538";"1593657";"3235523";"6364081";"1802078";"1220961";"7641690";"10308837";"1749539";"7275325";"12155615";"6709434";"2759330";"4990553";"1245403";"2057182";"3327562";"1522637";"100046550"
"1998";"1529870";"613288";"3701986";"636257";"7379632";"594037";"1617472";"5709568";"1604822";"4654166";"1686305";"2694232";"5992067";"1897345";"1145494";"8814911";"11316601";"3115713";"7678953";"21983469";"4531876";"3420888";"4771179";"1445619";"3558030";"4236982";"1844074";"118174836"
"1999";"1409218";"2095997";"3090981";"452054";"8898969";"623304";"1972340";"7880828";"2170145";"6716104";"2113101";"2761255";"7849485";"2746091";"2026214";"12098406";"19681975";"2709205";"10757180";"28686694";"11553319";"3689189";"6822400";"2044697";"3358897";"5227361";"2275479";"161710888"
"2000";"1946752";"897103";"4375096";"696255";"9555755";"801443";"2015982";"7946756";"3569150";"7282168";"3076836";"2640373";"9532845";"4181914";"1871118";"15148885";"18771161";"2649509";"12023435";"33610215";"8916069";"5197414";"7238590";"2660005";"4221129";"6895461";"3547372";"181268791"
"2001";"1708077";"803376";"3627279";"497155";"7828208";"950739";"1563858";"7062753";"2755932";"6207816";"2398252";"2778642";"8956393";"2831806";"2151968";"14990428";"21661166";"2989388";"13904327";"41813474";"8484257";"4286101";"7925240";"2223468";"2931112";"5310681";"1884596";"180526492"
"2002";"1307970";"730728";"3437222";"512151";"10078315";"699919";"1576494";"6196708";"3079740";"6112441";"2486625";"3083571";"7879981";"3767158";"1700224";"16724931";"15768385";"2287449";"11594352";"30439591";"7459354";"5113876";"9210525";"2902173";"3063932";"4480963";"1659352";"163354130"
"2003";"1240459";"721201";"3021795";"496589";"8499530";"603199";"1377203";"5733346";"2839842";"6762604";"2208708";"3026344";"6829469";"2639163";"1921528";"11799356";"15315432";"2519385";"9446515";"27201692";"6608905";"3549033";"6588661";"2104758";"2750528";"4017037";"1587523";"141409805"
"2004/Jan";"59412";"29835";"141808";"20276";"284587";"29143";"68922";"265793";"156576";"297450";"97903";"135971";"315107";"123281";"71355";"469544";"665103";"115375";"483743";"1365624";"299192";"161127";"325751";"89923";"118989";"196498";"93742";"6482030"
"2004/Fev";"50286";"30364";"138303";"33949";"302455";"19902";"64348";"264947";"130772";"267623";"82450";"119061";"297906";"127826";"77855";"564713";"584212";"116904";"417159";"1362285";"277958";"185406";"320765";"102077";"119732";"201018";"81753";"6342029"
"2004/Mar";"63872";"32685";"135221";"28186";"303220";"32661";"70009";"277182";"166171";"297632";"113053";"145846";"329566";"123912";"75110";"476363";"738850";"187086";"499371";"1409604";"345190";"162273";"353542";"112188";"112438";"195247";"116443";"6902921"
"2004/Abr";"163641";"73805";"329101";"40779";"852200";"55623";"189502";"747493";"416994";"929120";"346444";"472171";"1007616";"342370";"211439";"1605863";"2436181";"471767";"1813756";"4517822";"1222325";"639107";"1315204";"282813";"295322";"626945";"229643";"21635046"
"2004/Mai";"98375";"36327";"180026";"39234";"394939";"28364";"69845";"377103";"131324";"308501";"96383";"148328";"338716";"135245";"84747";"699803";"845715";"188356";"505076";"1909120";"375125";"189469";"503212";"111156";"175458";"251593";"94605";"8316145"
"2004/Jun";"255876";"152545";"550338";"87124";"1758807";"114784";"234066";"1132329";"485598";"1242096";"401604";"496027";"1287098";"766323";"291950";"2354380";"2711925";"534051";"1980944";"5229588";"1338450";"728157";"1321981";"398445";"545695";"850771";"334016";"27584968"
"2004/Jul";"67660";"29617";"145775";"26451";"311579";"29240";"55651";"274050";"114676";"289993";"102495";"130300";"329888";"159231";"73751";"498529";"653336";"140476";"521428";"1526698";"311399";"168329";"324595";"93768";"139022";"305306";"89713";"6912956"
"2004/Ago";"407848";"213787";"782558";"114758";"2464351";"174041";"421013";"1852210";"875609";"2104520";"780200";"910520";"2467801";"868808";"445207";"3628269";"4780674";"826196";"2753577";"7492184";"2411377";"1073069";"2439169";"588567";"661124";"1225910";"622368";"43385715"
"2004/Set";"86091";"44893";"174625";"43108";"428887";"38844";"65311";"382620";"124594";"344693";"93608";"129193";"365001";"143183";"241573";"1081446";"777787";"181300";"675224";"3835104";"397937";"462011";"401087";"140814";"312362";"339447";"106414";"11417157"
"2004/Out";"62203";"33049";"134691";"28049";"289959";"27531";"79002";"254351";"110776";"261354";"94027";"114728";"297499";"127425";"83399";"457152";"588649";"119152";"467755";"1303751";"331728";"173860";"306981";"79087";"116281";"221959";"90353";"6254751"
"2004/Nov";"61163";"46896";"139112";"27973";"346201";"26995";"93124";"283054";"148903";"308194";"95210";"117662";"372022";"149999";"72111";"540793";"680577";"145760";"457538";"1314188";"434507";"172443";"312928";"56943";"129345";"208251";"88081";"6829973"
"2004/Dez";"50168";"44585";"143806";"17211";"270605";"23535";"74794";"221949";"107345";"245763";"85804";"97455";"294182";"162462";"61530";"649931";"569297";"101401";"468593";"1201637";"327077";"135093";"293942";"77198";"112245";"185518";"90918";"6114044"
"2005/Jan";"60829";"38147";"143753";"28580";"279086";"24850";"75039";"258850";"120024";"280416";"101454";"122238";"293242";"127728";"62280";"450278";"668572";"111140";"481630";"1407254";"350775";"184180";"320091";"96592";"97720";"192154";"90643";"6467545"
"2005/Fev";"57520";"32353";"139823";"35231";"285151";"24704";"66754";"257721";"111872";"255042";"85578";"107753";"294744";"118085";"59856";"484487";"628994";"107742";"447439";"1255723";"341889";"167110";"300073";"95986";"112913";"199132";"84040";"6157715"
"2005/Mar";"67056";"40748";"161628";"35016";"318783";"26188";"86307";"323795";"142767";"300804";"101425";"116976";"315004";"148859";"67768";"509314";"681697";"113410";"493680";"1403814";"430532";"171267";"329928";"89957";"120422";"204641";"96018";"6897804"
"2005/Abr";"140338";"81125";"311003";"48487";"792089";"54426";"177337";"796113";"404472";"926265";"330556";"445284";"1008115";"377506";"202034";"1456886";"2254167";"371001";"1822879";"4217723";"1349340";"582607";"1243624";"233222";"274220";"595653";"214125";"20710597"
"2005/Mai";"112147";"60470";"212548";"40967";"443288";"31288";"91318";"434518";"144982";"316407";"104248";"145253";"382533";"142548";"74976";"652013";"896721";"167085";"591321";"2050686";"536270";"218885";"423259";"114934";"166738";"292476";"107449";"8955328"
"2005/Jun";"277818";"167135";"637807";"114937";"1739909";"132086";"242998";"1324216";"482076";"1292754";"384856";"494023";"1374099";"493946";"277996";"2253423";"2636496";"473034";"1979235";"5241880";"1403644";"730435";"1264556";"360110";"540175";"824263";"319691";"27463598"
"2005/Jul";"81253";"43795";"196026";"35251";"344118";"27634";"65255";"294562";"112890";"282104";"101490";"126168";"346454";"143808";"62815";"604604";"633846";"122639";"524458";"1473923";"356745";"195653";"307967";"93191";"177513";"226853";"90377";"7071392"
"2005/Ago";"271000";"164098";"615956";"108524";"1700389";"119872";"267982";"1252607";"483366";"1530028";"433901";"564484";"1420020";"504957";"281497";"2292323";"2578465";"465037";"1975128";"5027578";"1329570";"722609";"1181336";"350370";"447338";"800629";"322757";"27211821"
"2005/Set";"83895";"46171";"200793";"31049";"376840";"37665";"64386";"332066";"115349";"495022";"100027";"130265";"339990";"136527";"69916";"1021512";"632289";"117557";"509604";"1309101";"325538";"168487";"304804";"88819";"256519";"286515";"91732";"7672438"
"2005/Out";"67842";"36614";"167702";"37787";"333110";"29251";"69179";"304843";"122609";"438245";"100188";"139708";"375055";"146487";"71482";"627121";"657008";"114618";"480800";"1278860";"343167";"175945";"308262";"91653";"147557";"219085";"85264";"6969442"
"2005/Nov";"66432";"39973";"177842";"31346";"362759";"31023";"76341";"335931";"130559";"405092";"101468";"132385";"371380";"152388";"76273";"571902";"662458";"121587";"461640";"1331192";"375577";"180276";"331028";"98345";"141097";"220920";"83523";"7070737"
"2005/Dez";"54844";"45911";"160650";"36177";"307067";"22434";"72563";"310866";"113194";"311160";"82408";"117458";"315489";"124498";"65549";"731793";"582467";"109887";"459020";"1173510";"327854";"142710";"311004";"89289";"131129";"192049";"82110";"6473090"
"2006/Jan";"61978";"33669";"169975";"35232";"313921";"27870";"67888";"282501";"112345";"280099";"85442";"109074";"352272";"127378";"60686";"466464";"636999";"100954";"490437";"1308976";"322622";"166862";"310600";"89480";"100360";"200871";"90909";"6405864"
"2006/Fev";"50048";"28387";"151254";"28908";"289502";"23126";"58901";"267395";"99521";"266835";"75623";"101977";"287894";"106553";"60271";"469605";"552768";"91021";"416580";"1110223";"302194";"147914";"290495";"83006";"123593";"195624";"72423";"5751641"
"2006/Mar";"70896";"31547";"182510";"33953";"295892";"33347";"72295";"278360";"120897";"343834";"87779";"117811";"304877";"110846";"65336";"458149";"660706";"113347";"493275";"1377064";"342504";"173736";"317602";"96218";"115040";"185704";"104954";"6588479"
"2006/Abr";"137398";"73388";"323289";"50288";"727876";"51280";"149899";"699394";"356464";"961240";"310118";"401983";"988444";"303365";"196029";"1477185";"2225209";"362049";"1776992";"4201632";"1117658";"584461";"1196990";"238899";"277984";"580908";"217951";"19988373"
"2006/Mai";"96968";"38833";"220685";"43983";"359722";"38595";"78316";"336966";"134167";"333790";"104114";"141015";"314839";"106933";"66749";"621859";"827247";"131296";"527735";"2019520";"434907";"229945";"449946";"119285";"165861";"263134";"120656";"8327066"
"2006/Jun";"253801";"147579";"586915";"96871";"1539877";"115449";"233088";"1158946";"451706";"1050054";"378013";"484156";"1192756";"442407";"275553";"2071307";"2475715";"432138";"1737272";"4909514";"1249086";"672462";"1153494";"358740";"464538";"791601";"312845";"25035883"
"2006/Jul";"70337";"39519";"183507";"29846";"332516";"28073";"59971";"278213";"111087";"269963";"93789";"135535";"288990";"115352";"63149";"528868";"607391";"116014";"514695";"1448624";"353136";"173291";"287908";"99535";"127843";"224177";"101067";"6682396"
"2006/Ago";"254020";"129566";"576393";"92324";"1357708";"113986";"228612";"1099971";"441448";"1201523";"382725";"494810";"1203078";"468725";"275010";"1984706";"2340601";"463903";"1720339";"4788022";"1219057";"667292";"1093255";"332757";"405792";"762312";"319445";"24417380"
"2006/Set";"65250";"46817";"178787";"29534";"510109";"27951";"57878";"296729";"107071";"247819";"87351";"123530";"295703";"102527";"99064";"632872";"630546";"114822";"469177";"1240196";"308008";"161381";"275413";"96644";"165777";"251030";"87253";"6709239"
"2006/Out";"62451";"32043";"168781";"23765";"305385";"28308";"63834";"297381";"112247";"255980";"85029";"124606";"283716";"107106";"118382";"489388";"1397150";"115143";"509333";"1273219";"326419";"175988";"275146";"92775";"113243";"212829";"90350";"7139997"
"2006/Nov";"61959";"32656";"193511";"24691";"349145";"25121";"68649";"317488";"138354";"288254";"84249";"133838";"284906";"109699";"109861";"559396";"927691";"110093";"501477";"1234744";"311730";"172240";"272902";"99964";"110087";"198805";"85447";"6806957"
"2006/Dez";"53349";"35938";"177230";"31968";"305445";"20827";"53871";"277423";"119888";"244373";"67448";"117276";"264868";"93172";"92413";"773987";"599657";"100817";"517384";"1119557";"277452";"137129";"254850";"90198";"81041";"196790";"82887";"6187238"
"2007/Jan";"63599";"32011";"195740";"31364";"304935";"30516";"68192";"304998";"130954";"295779";"88371";"132245";"733118";"123097";"81112";"1155080";"710946";"143257";"522814";"1442595";"337567";"192996";"281129";"92064";"94933";"215768";"103815";"7908995"
"2007/Fev";"60414";"36426";"184897";"24804";"298171";"26509";"58453";"278220";"118010";"316530";"77969";"118774";"315128";"107748";"73228";"1234332";"602518";"122053";"458111";"1297354";"318509";"164021";"273937";"93457";"118938";"255976";"92367";"7126854"
"2007/Mar";"75359";"39038";"196664";"28875";"327794";"32304";"71379";"287043";"143460";"313328";"88762";"140695";"315701";"122085";"72773";"559854";"709073";"122411";"488674";"1430034";"356234";"184198";"298192";"102976";"111729";"241782";"101433";"6961850"
"2007/Abr";"150396";"79433";"345895";"56600";"759714";"57878";"160223";"754721";"406568";"958913";"335881";"441169";"992704";"322092";"214152";"1543494";"2518176";"386544";"1847912";"4565793";"1145104";"618325";"1226292";"266295";"278001";"650744";"230117";"21313136"
"2007/Mai";"103496";"42524";"249133";"37373";"403847";"31379";"81478";"353242";"170796";"309403";"106779";"138280";"321628";"123997";"74373";"637381";"1059543";"148096";"2292899";"2120308";"441435";"254122";"417693";"149201";"144239";"365313";"119414";"10697372"
"2007/Jun";"252160";"154543";"623379";"121290";"1466454";"119574";"239187";"1177584";"471643";"1176929";"367613";"502192";"1239945";"449448";"285984";"1981722";"2526281";"460052";"2157171";"5095886";"1265082";"650046";"1112801";"388193";"444004";"902312";"378309";"26009784"
"2007/Jul";"63747";"40363";"210871";"32840";"349376";"27784";"60222";"323059";"136371";"296439";"90542";"143006";"321260";"126141";"72956";"563816";"703976";"178373";"511004";"1391169";"322862";"175685";"311124";"128570";"156961";"306250";"112520";"7157287"
"2007/Ago";"231120";"146359";"588353";"97531";"1392726";"110374";"240072";"1147303";"454412";"1168879";"381490";"586778";"1348792";"448497";"289566";"1894546";"2427147";"462707";"1734002";"4814802";"1231763";"669640";"1212127";"350619";"412347";"810213";"332290";"24984455"
"2007/Set";"55740";"67540";"175987";"33140";"433193";"31391";"78056";"335882";"125451";"295160";"93509";"189343";"355937";"107728";"76624";"630054";"667323";"148710";"473734";"1336843";"341008";"196618";"374868";"122575";"178430";"350786";"125206";"7400836"
"2007/Out";"67496";"69811";"218250";"30840";"337690";"27151";"98656";"319441";"144503";"315738";"97744";"178087";"298607";"118903";"71726";"520748";"701858";"144469";"453667";"1412821";"352560";"210489";"402808";"131736";"120657";"8659178";"130337";"15635971"
"2007/Nov";"64001";"58497";"180723";"30247";"340281";"32516";"85834";"332445";"138119";"286615";"91037";"148518";"293620";"104970";"68055";"522896";"641845";"131858";"417648";"1346221";"341985";"189154";"392342";"125051";"128054";"276941";"109634";"6879107"
"2007/Dez";"28237";"41853";"168294";"30606";"305260";"25473";"65781";"264429";"120382";"237179";"78231";"120158";"267476";"27764";"63558";"555223";"525032";"102547";"410837";"1133153";"299706";"131978";"296310";"89908";"122250";"432940";"204343";"6148908"
"2008/Jan";"178932";"75967";"362598";"60897";"539062";"74862";"306930";"534600";"242915";"279979";"105946";"150260";"315964";"122322";"80380";"748521";"1883132";"194801";"722718";"2503923";"914969";"282486";"412679";"718125";"245769";"2537221";"1517543";"16113501"
"2008/Fev";"95359";"47823";"223540";"54141";"410146";"50568";"122303";"340751";"153958";"250593";"91932";"114621";"295005";"107600";"70184";"744376";"886075";"124255";"489038";"1708831";"492755";"208273";"338631";"253716";"336598";"675273";"134347";"8820692"
"2008/Mar";"73193";"42638";"195949";"38518";"348803";"42231";"92080";"304990";"132154";"242645";"89295";"120420";"285585";"109644";"67263";"469846";"671144";"118820";"452538";"1451486";"673512";"193962";"298224";"140579";"253032";"273777";"110817";"7293145"
"2008/Abr";"163535";"83750";"382469";"47611";"772385";"67252";"169657";"768378";"374631";"927227";"329855";"457632";"988174";"311714";"202086";"1498203";"2410374";"398326";"1833345";"4765701";"1536054";"667083";"1268011";"298052";"341017";"653758";"267754";"21984034"
"2008/Mai";"86012";"55741";"241685";"41415";"385744";"39239";"77744";"322213";"114494";"262971";"104996";"132306";"281811";"104264";"66214";"536484";"761395";"137485";"468172";"1827212";"459226";"293621";"395764";"160103";"180770";"272122";"121542";"7930745"
"2008/Jun";"235824";"162863";"613409";"98733";"1449405";"120126";"221654";"1128580";"415988";"1094560";"361694";"482241";"1188596";"417826";"276580";"1888523";"2317221";"451737";"1683337";"5486196";"1227098";"678426";"1119244";"375737";"451155";"856423";"325433";"25128609"
"2008/Jul";"93365";"46589";"209090";"37541";"354966";"33961";"59464";"314328";"110717";"289237";"92169";"128276";"304445";"90409";"73825";"509206";"597810";"124486";"436938";"1752540";"318905";"218024";"294184";"106923";"178667";"293709";"113787";"7183561"
"2008/Ago";"785330";"392150";"1709946";"100206";"1314394";"310791";"678215";"4128356";"1237769";"3916163";"1807631";"1055138";"3994470";"1252552";"954000";"6660916";"8078823";"1586615";"5464403";"17949413";"4486097";"2609902";"2455944";"851361";"1917717";"1594276";"1200574";"78493152"
"2008/Set";"90069";"74149";"223520";"152362";"2793457";"37957";"76852";"570992";"170501";"424054";"86999";"177688";"311583";"272104";"71955";"718245";"1312741";"126317";"2305833";"1569997";"384651";"183927";"1274657";"432341";"220199";"842252";"130875";"15036277"
"2008/Out";"68268";"41209";"180388";"25861";"295497";"30558";"61627";"304484";"107247";"229042";"85706";"188614";"284733";"107734";"67233";"523190";"672926";"111919";"1189775";"1327473";"323354";"170674";"540508";"101989";"140363";"340664";"107954";"7628990"
"2008/Nov";"60769";"42827";"174280";"22799";"365440";"27774";"58004";"320993";"136194";"249164";"89965";"187754";"288847";"103223";"69733";"471113";"662150";"107011";"765362";"1262275";"313719";"170762";"343534";"96712";"117132";"320188";"97071";"6924795"
"2008/Dez";"63348";"35839";"164874";"22486";"291755";"24093";"54374";"250724";"111202";"219478";"79800";"513457";"255652";"88529";"59319";"1007920";"3344906";"96475";"506256";"1185319";"284441";"144051";"917295";"74086";"112904";"420456";"92967";"10422006"
"2009/Jan";"71386";"39852";"166252";"26308";"338173";"33958";"68282";"305774";"118565";"281881";"95568";"128546";"307631";"124366";"63584";"454716";"630033";"121480";"486029";"1570029";"366902";"227964";"940767";"113427";"118145";"230234";"115291";"7545143"
"2009/Fev";"61200";"43449";"176474";"30326";"354901";"27994";"58923";"296226";"101339";"257771";"90140";"118407";"293220";"112111";"67200";"501231";"613724";"106698";"455434";"1391643";"337452";"196115";"607787";"92079";"127045";"217624";"94120";"6830633"
"2009/Mar";"78320";"46723";"192866";"30197";"366351";"39865";"72170";"336806";"124192";"304858";"103216";"306987";"331243";"129679";"75675";"500281";"717166";"129376";"499626";"1892648";"388163";"224835";"479033";"112963";"130596";"239180";"124558";"7977573"
"2009/Abr";"175826";"98756";"395718";"52883";"854416";"68938";"168620";"793589";"377203";"971976";"361385";"572833";"1132260";"348052";"218450";"1680195";"2668398";"426462";"2087558";"6012178";"1405596";"783464";"2391558";"311878";"327752";"733734";"298881";"25718559"
"2009/Mai";"102095";"61884";"270893";"45781";"389357";"44650";"75985";"331845";"122000";"288292";"110028";"184690";"345681";"143461";"75362";"583484";"826309";"142745";"548560";"2379911";"449174";"323828";"1538289";"168367";"163528";"273416";"142516";"10132131"
"2009/Jun";"235537";"161981";"603714";"89725";"1251442";"126216";"214300";"1096373";"427973";"1091931";"385134";"487433";"1168180";"456845";"281280";"1847484";"2375441";"436160";"1739459";"5313877";"1257067";"699820";"1350963";"373798";"410036";"762935";"324659";"24969763"
"2009/Jul";"78821";"51180";"222510";"33493";"368883";"33888";"62252";"319056";"114969";"293546";"117563";"161302";"356358";"142408";"81219";"593539";"694741";"140318";"518918";"1646326";"362237";"214706";"366274";"114543";"172975";"258878";"119879";"7640782"
"2009/Ago";"83649";"50755";"236356";"34455";"362098";"29865";"76220";"330276";"135846";"299924";"111135";"148643";"355150";"141334";"82765";"584192";"672065";"124241";"526157";"1559254";"349497";"204453";"302535";"104958";"133280";"237496";"109240";"7385839"
"2009/Set";"231824";"161613";"586026";"84498";"1358423";"139834";"207777";"1040485";"392692";"1107984";"378013";"514760";"1169463";"472257";"281668";"1829517";"2187324";"412418";"1701191";"4790004";"1234951";"660914";"1016735";"332099";"393470";"722056";"316655";"23724651"
"2009/Out";"73700";"45577";"188910";"31529";"398248";"32109";"64342";"313791";"113636";"301268";"109719";"155237";"331628";"128525";"77242";"506469";"633058";"114704";"429541";"1395523";"369792";"194525";"297041";"97214";"143139";"220065";"102438";"6868970"
"2009/Nov";"71377";"45782";"194757";"27477";"357114";"33492";"64534";"321920";"117710";"301281";"112152";"151407";"398457";"128213";"80511";"529814";"1046236";"120391";"491719";"1421096";"375131";"207254";"300223";"102290";"122790";"221790";"100355";"7445273"
"2009/Dez";"60858";"42972";"168389";"23331";"309434";"24388";"55808";"285115";"91125";"241842";"94988";"128926";"301697";"108463";"71483";"494455";"616708";"105822";"441285";"1268341";"323401";"157826";"295500";"77925";"117895";"192228";"101643";"6201848"
"2010/Jan";"62624";"35054";"166464";"28580";"283981";"30336";"62421";"303349";"109500";"267545";"90195";"122126";"289917";"117479";"61364";"431720";"693606";"106104";"452446";"1550321";"348092";"214055";"271015";"100242";"90730";"223051";"108194";"6620511"
"2010/Fev";"58800";"38491";"161654";"24336";"298224";"27786";"58503";"281176";"94189";"232663";"82132";"110631";"265304";"97894";"63402";"580544";"657648";"99377";"396021";"1381597";"340596";"177885";"258689";"83234";"109941";"205622";"92680";"6279019"
"2010/Mar";"79042";"49855";"213715";"27300";"345633";"38187";"82470";"349391";"115882";"286147";"110164";"160277";"321492";"119914";"81410";"592354";"866520";"170247";"472446";"1818434";"435238";"291572";"308719";"120143";"109971";"243781";"129028";"7939332"
"2010/Abr";"169658";"91068";"377209";"51808";"752225";"61051";"191775";"755256";"338943";"933218";"350204";"493969";"1074849";"315424";"232711";"1914759";"2794367";"439545";"1947458";"5532617";"1474609";"817637";"1371720";"319574";"332406";"710761";"290773";"24135594"
"2010/Mai";"91309";"54318";"228355";"34476";"328776";"39200";"97853";"751223";"115615";"262360";"112881";"148452";"335432";"122534";"87347";"813429";"1036498";"166822";"452673";"2007380";"541910";"278970";"332200";"147591";"157787";"270431";"135655";"9151477"
"2010/Jun";"225175";"146752";"558016";"78697";"1128337";"119081";"205659";"1003083";"382797";"991398";"364114";"446032";"1103817";"382464";"274088";"1818283";"2344979";"416408";"1523650";"4835276";"1246010";"706691";"1015727";"339706";"415139";"742506";"332252";"23146137"
"2010/Jul";"78529";"38928";"169788";"28642";"340574";"28707";"60501";"287702";"104241";"253948";"127474";"144577";"327749";"130348";"77905";"628459";"820838";"135686";"452264";"1626144";"415133";"232010";"305134";"110114";"147365";"272260";"122086";"7467106"
"2010/Ago";"227038";"143586";"573615";"79031";"1183000";"110083";"207221";"1014739";"392786";"1025388";"424523";"464736";"1125346";"453807";"285670";"2021335";"2269125";"403693";"1582008";"4828180";"1207714";"682898";"1009148";"334063";"406574";"761153";"328128";"23544588"
"2010/Set";"69962";"37490";"187582";"33134";"332758";"40434";"63750";"294632";"105686";"441188";"119685";"103990";"286317";"111353";"80433";"578586";"710513";"127735";"481307";"1581467";"352343";"204716";"282288";"101361";"147602";"231719";"128229";"7236260"
"2010/Out";"70735";"36786";"171534";"29123";"293336";"32233";"62908";"306594";"106597";"335397";"112730";"177925";"318258";"123561";"83185";"553539";"720655";"144336";"567160";"1553765";"363959";"205828";"310131";"106499";"122556";"235511";"113382";"7258223"
"2010/Nov";"77844";"42920";"188006";"26266";"314787";"37768";"74261";"375187";"128687";"394033";"125557";"297657";"379455";"143366";"72640";"556932";"738599";"134783";"569562";"1772546";"403895";"254809";"342119";"118289";"128609";"276681";"112268";"8087526"
"2010/Dez";"74815";"45089";"173725";"25654";"295445";"25012";"60107";"312191";"110248";"306390";"122478";"185057";"376601";"125821";"77618";"577105";"666419";"134416";"533850";"1543774";"363184";"196936";"351874";"96288";"128808";"254168";"130133";"7293206"
"2011/Jan";"78515";"52875";"196916";"28289";"298736";"36346";"76067";"342914";"159985";"332372";"115975";"137672";"364084";"145600";"87854";"563224";"762032";"140854";"619477";"1811493";"433299";"281731";"356969";"137292";"119432";"304291";"134085";"8118379"
"2011/Fev";"81401";"54573";"205619";"31316";"338980";"37710";"70299";"350826";"133528";"321342";"120352";"153170";"404118";"139002";"86468";"621598";"763794";"129287";"575243";"1755580";"435436";"254987";"363906";"122861";"133336";"276826";"118957";"8080515"
"2011/Mar";"83531";"63567";"200936";"30902";"352575";"36177";"78804";"360341";"145625";"331526";"118801";"151506";"351205";"133112";"83571";"522007";"854134";"138264";"572153";"1768870";"461650";"257754";"371554";"126537";"136401";"267753";"115800";"8115056"
"2011/Abr";"88499";"60827";"224945";"34412";"406099";"37403";"87380";"377548";"145662";"352199";"127008";"146333";"401524";"136593";"97751";"641718";"1032324";"146075";"583744";"2051747";"542124";"299887";"382832";"135232";"153236";"279454";"121743";"9094299"
"2011/Mai";"95261";"69946";"273863";"35454";"463237";"50231";"79556";"415773";"144035";"399395";"133988";"162041";"408944";"141693";"101468";"708980";"1066514";"176964";"639334";"2714831";"584602";"385011";"444672";"157199";"172595";"310837";"161966";"10498390"
"2011/Jun";"94141";"80868";"244462";"32734";"501808";"41423";"88178";"442618";"149370";"465670";"143718";"174167";"512142";"162595";"111205";"746097";"1115593";"183380";"676479";"3068991";"552076";"362655";"638554";"156938";"170721";"332621";"128591";"11377795"
"2011/Jul";"89306";"60606";"224083";"40611";"423932";"34978";"63379";"379975";"143990";"404435";"138180";"160260";"455643";"131142";"99983";"729272";"884124";"168914";"678226";"2233442";"481204";"303430";"557882";"142648";"170931";"281547";"133692";"9615815"
"2011/Ago";"107227";"69039";"245690";"31686";"540867";"49985";"92286";"513417";"189048";"473032";"179164";"206162";"532473";"162691";"121934";"864849";"973893";"181023";"714801";"2218467";"542936";"336733";"492630";"172728";"177376";"389017";"155643";"10734797"
"2011/Out";"79671";"53615";"210238";"34426";"398652";"37735";"72399";"392038";"137148";"353447";"135050";"159828";"395828";"130543";"101438";"750430";"813541";"143259";"560680";"1685078";"442794";"268015";"362806";"130018";"147713";"292975";"132309";"8421674"
"2011/Nov";"82102";"58393";"205894";"28219";"393192";"39738";"72057";"302853";"148584";"415548";"130980";"163183";"400925";"129318";"96634";"648829";"835616";"140086";"567265";"1712319";"438050";"271347";"352006";"133412";"145149";"278702";"119304";"8309705"
"2011/Set";"95390";"60872";"222663";"30358";"440639";"42474";"75227";"419649";"146319";"344338";"146565";"158916";"396728";"133986";"103404";"718965";"770141";"157890";"596251";"1772434";"482578";"283991";"366646";"149903";"179533";"312937";"48900";"8657697"
"2011/Dez";"71245";"43455";"182915";"31615";"358393";"31526";"60237";"329693";"119834";"317964";"116141";"135675";"382710";"111852";"91720";"602894";"718327";"136821";"558891";"1548486";"372618";"202316";"315632";"100973";"131045";"242646";"121640";"7437264"
"2012/Jan";"101566";"51297";"234459";"32410";"418689";"42831";"85741";"434064";"163979";"412138";"141475";"163863";"421153";"170321";"103835";"652023";"939550";"169119";"691191";"2031723";"475529";"305535";"393587";"150912";"145747";"313261";"149223";"9395221"
"2012/Fev";"97989";"51692";"232198";"37448";"416446";"39476";"72102";"385801";"145957";"347592";"128835";"162376";"444019";"152456";"105377";"645895";"823517";"147445";"602171";"1862198";"448377";"289454";"372908";"130602";"175695";"297161";"135566";"8750753"
"2012/Mar";"97368";"54188";"264725";"37071";"451887";"45819";"88953";"429169";"163785";"389849";"154450";"174775";"435762";"169726";"101487";"687892";"929378";"171448";"684105";"2028092";"490309";"298285";"412639";"152925";"163111";"320953";"153478";"9551629"
"2012/Abr";"87656";"61100";"248715";"35153";"443221";"46921";"72631";"409286";"153685";"517688";"143631";"162305";"444204";"155746";"101401";"689593";"836152";"153626";"627509";"1913646";"458500";"270773";"384828";"135288";"165479";"280964";"139908";"9139609"
"2012/Mai";"111387";"66598";"306009";"8348";"477553";"57601";"95930";"452433";"190644";"493908";"160800";"172538";"430208";"166704";"108072";"748587";"1259549";"211581";"688870";"2905845";"615755";"484744";"810393";"190029";"175973";"366348";"203296";"11959703"
"2012/Jun";"103635";"73392";"278121";"39083";"523890";"53605";"88132";"452758";"175551";"496322";"160979";"171985";"492012";"167651";"109186";"765228";"1189699";"227847";"793110";"2730361";"721056";"530718";"779681";"180393";"188353";"373284";"167340";"12033372"
"2012/Jul";"96337";"56920";"245466";"38645";"461660";"47393";"75393";"382017";"153946";"405802";"160943";"175207";"464307";"166144";"107856";"713117";"1005867";"200562";"717727";"2420873";"727383";"411127";"556967";"174676";"191899";"340974";"161982";"10661190"
"2012/Ago";"126240";"66425";"322960";"42226";"590240";"68821";"109227";"534746";"180479";"461879";"205492";"183092";"570493";"216542";"120480";"815343";"1235316";"219417";"806936";"2666495";"838796";"415750";"622867";"194610";"173521";"456065";"180216";"12424674"
"2012/Set";"79909";"45553";"233975";"36438";"457164";"37422";"68679";"388628";"148352";"337988";"141224";"144719";"442891";"163932";"97974";"745318";"795603";"148994";"558723";"1830957";"480531";"259427";"345232";"140535";"182772";"275783";"70597";"8659320"
"2012/Out";"81576";"52010";"240606";"25741";"389695";"38484";"76897";"378927";"143424";"352912";"139613";"156203";"394657";"159094";"95883";"646764";"811313";"156411";"625462";"1944156";"483875";"272624";"376086";"134446";"147714";"281500";"143785";"8749858"
"2012/Nov";"80310";"45874";"203737";"26474";"410086";"35114";"69941";"348416";"136997";"383465";"127017";"142356";"400821";"146247";"90910";"604763";"764302";"155409";"558513";"1810348";"436520";"265903";"358721";"130811";"142710";"269750";"123211";"8268726"
"2012/Dez";"68654";"27092";"198750";"29553";"341764";"17704";"56974";"287835";"122797";"286950";"105993";"132340";"365917";"114029";"62519";"529335";"676506";"128241";"534905";"1540107";"356229";"188643";"324781";"99953";"128559";"221358";"118793";"7066281"
"2013/Jan";"80795";"42493";"191925";"31861";"360309";"39010";"72478";"334187";"127761";"351001";"119734";"146295";"343923";"140749";"89898";"504457";"753904";"148516";"572959";"1793968";"453368";"274711";"347193";"135486";"121617";"286420";"143506";"8008524"
"2013/Fev";"67473";"37570";"205359";"34102";"353711";"32157";"64740";"315052";"127673";"302095";"109859";"136711";"360438";"126735";"83207";"529088";"721006";"125573";"509565";"2075346";"393866";"237203";"330706";"111829";"139069";"264425";"127078";"7921636"
"2013/Mar";"73242";"42814";"251479";"31632";"375102";"33867";"69029";"340436";"137583";"318351";"127254";"140130";"383277";"139006";"88519";"590328";"788151";"129991";"550368";"1667806";"414815";"243209";"351944";"121227";"145343";"282247";"136042";"7973192"
"2013/Abr";"97942";"64467";"248675";"31958";"447000";"43306";"99545";"452989";"150548";"419559";"151793";"158626";"411742";"181956";"99513";"680636";"1316933";"191577";"590944";"2313898";"601313";"389978";"488157";"175642";"154827";"379864";"187778";"10531166"
"2013/Mai";"117842";"113081";"274682";"58061";"712533";"58700";"79233";"460410";"264318";"613703";"193679";"317261";"694591";"273832";"120220";"937986";"1262975";"205809";"1474786";"2404392";"773736";"369277";"1060693";"192287";"272015";"517389";"217090";"14040581"
"2013/Jun";"176519";"144595";"585699";"88181";"1130255";"106069";"158177";"924325";"428511";"1076017";"399542";"502744";"1275620";"367915";"304622";"1535531";"2762896";"394366";"1566601";"4843116";"1348133";"789455";"1471896";"329573";"364644";"948564";"253586";"24277152"
"2013/Jul";"317716";"60248";"628242";"76660";"955050";"110483";"232919";"1109853";"350450";"1152716";"438274";"422445";"1138633";"401640";"258148";"2010621";"2478969";"599480";"2448415";"6993115";"1544120";"1131764";"1584134";"432397";"494574";"863916";"521551";"28756533"
"2013/Ago";"175473";"73364";"369809";"26552";"589172";"65695";"102562";"576380";"215725";"553992";"233015";"258533";"602440";"244216";"163842";"1033613";"1549856";"226755";"914058";"3361612";"869986";"612655";"617060";"189730";"261957";"420454";"319862";"14628368"
"2013/Set";"134752";"45131";"358738";"36693";"582460";"50643";"113200";"572602";"194812";"466732";"200459";"258712";"591743";"206375";"153214";"1175609";"1309769";"267762";"890731";"4067111";"894326";"452859";"540602";"190558";"250956";"389223";"200190";"14595962"
"2013/Out";"83249";"39464";"288758";"27728";"397979";"33811";"98967";"377302";"163176";"407909";"147431";"166172";"392927";"162174";"112034";"723822";"874338";"168176";"597464";"2249341";"501437";"285538";"389312";"132642";"183045";"284424";"144231";"9432851"
"2013/Nov";"77374";"40284";"248735";"10474";"383107";"33496";"85699";"347366";"150246";"376764";"133055";"159338";"357929";"149139";"100751";"645779";"772112";"156923";"558933";"1829937";"450888";"257093";"333102";"127969";"168177";"274022";"129044";"8357736"
"2013/Dez";"73310";"37096";"214511";"42470";"324883";"28914";"83086";"334777";"117054";"322828";"120564";"140825";"450817";"118167";"92485";"708298";"656934";"136961";"665988";"1676892";"381554";"189413";"286607";"103172";"154464";"231361";"114560";"7807991"
"2014/Jan";"89987";"39237";"223010";"33256";"422034";"41645";"88076";"377245";"153880";"408021";"137579";"158620";"425856";"163010";"103653";"711727";"855823";"177704";"652854";"2031756";"488359";"314936";"438850";"179664";"151217";"331062";"148685";"9347746"
"2014/Fev";"88111";"40031";"260745";"39661";"426205";"39705";"75213";"345072";"132366";"536024";"129799";"161166";"412818";"150074";"86180";"646982";"772794";"154030";"621150";"1846263";"432079";"285108";"368522";"155245";"167267";"277957";"138411";"8788978"
"2014/Mar";"125280";"51663";"259066";"49433";"576833";"56224";"116611";"518541";"200495";"516148";"194180";"225663";"957653";"228430";"135980";"897982";"1210087";"225084";"863524";"2665728";"643313";"413808";"600275";"233995";"226209";"415330";"201681";"12809216"
"2014/Abr";"101452";"53265";"297960";"41280";"398238";"46209";"96206";"395781";"151518";"494968";"149152";"157499";"475267";"164204";"91300";"806532";"931057";"182195";"675672";"2349321";"563225";"374898";"476824";"216897";"219178";"327535";"158962";"10396595"
"2014/Mai";"106350";"41442";"329963";"37449";"360529";"40819";"82168";"348402";"125998";"389221";"123611";"141472";"463800";"154229";"100379";"761320";"906918";"173829";"670009";"2441958";"507886";"399734";"410840";"195995";"222411";"303114";"185302";"10025148"
"2014/Jun";"79587";"39484";"214984";"37311";"307731";"32772";"69114";"311950";"110560";"394264";"120314";"124252";"392264";"132360";"92415";"609132";"769794";"156301";"598144";"1871428";"449908";"302615";"342389";"186525";"194652";"237460";"142099";"8319809"
"2014/Jul";"95552";"34649";"220358";"33793";"307689";"35587";"72340";"339614";"127145";"519056";"138334";"146689";"436815";"162676";"94793";"645768";"865642";"197075";"698787";"2078950";"501265";"481405";"404155";"192089";"196359";"299839";"172842";"9499266"
"2014/Ago";"92556";"40493";"255777";"37871";"332556";"40074";"84449";"349559";"126739";"492357";"140485";"151415";"460350";"153496";"99968";"713556";"851121";"188765";"770527";"2106061";"469783";"464536";"402385";"198810";"194122";"307699";"162202";"9687712"
"2014/Set";"115040";"41234";"275381";"57088";"418940";"47789";"101270";"486117";"162743";"633663";"168046";"198921";"550022";"222596";"129198";"840491";"1221621";"248160";"917480";"2605839";"718230";"549206";"560950";"214529";"226931";"365105";"172813";"12249403"
"2014/Out";"106034";"29103";"245425";"31250";"340706";"46551";"76038";"380226";"131210";"459991";"156154";"155684";"479239";"160240";"105844";"745428";"862008";"181381";"789512";"2248382";"535241";"364023";"396058";"178718";"193431";"308280";"150646";"9856803"
"2014/Nov";"144494";"45460";"263636";"30436";"412752";"39036";"85912";"481174";"193380";"703585";"190968";"220413";"620958";"215813";"132716";"903974";"1123694";"205903";"814053";"2241169";"681355";"394170";"466790";"226555";"217406";"418942";"141652";"11616396"
"2014/Dez";"173000";"67180";"389597";"59743";"677422";"80307";"127134";"686077";"171030";"547412";"260019";"286173";"508433";"275634";"175684";"1056612";"1422673";"322324";"1266177";"3624974";"798937";"512800";"766983";"260435";"292718";"485836";"216132";"15511446"
"2015/Jan";"87847";"33307";"212813";"27037";"332271";"43018";"74848";"356504";"119397";"485088";"129715";"149297";"429818";"158071";"97211";"588268";"824451";"162717";"631261";"1943913";"490718";"342390";"364414";"184324";"159586";"281866";"137367";"8847517"
"2015/Fev";"83089";"36417";"241661";"50544";"296872";"35158";"60455";"316101";"99831";"432153";"118443";"135825";"399425";"126066";"89128";"566824";"689283";"135208";"593623";"1708947";"440603";"328484";"319915";"150613";"155191";"241606";"143428";"7994893"
"2015/Mar";"116116";"53588";"314265";"60947";"424174";"48300";"92935";"477143";"150897";"988054";"157709";"172302";"537102";"186727";"117555";"727977";"1092930";"212055";"784384";"2241756";"576205";"396709";"492957";"200265";"198659";"397079";"156474";"11375264"
"2015/Abr";"96184";"53222";"266084";"42787";"349281";"40433";"77705";"387365";"128794";"1278337";"138008";"142597";"450254";"162786";"97962";"647413";"812452";"152302";"668243";"1979642";"511142";"317385";"398984";"158215";"186114";"257541";"145790";"9947022"
"2015/Mai";"115325";"65298";"320775";"41081";"345337";"47727";"89448";"411413";"296859";"704603";"153044";"149039";"643546";"181424";"108315";"722077";"1231139";"201526";"726308";"2411876";"675643";"541770";"384641";"208468";"210785";"317093";"168156";"11472716"
"2015/Jun";"102807";"43815";"260522";"41539";"305334";"36865";"73534";"344977";"147360";"542641";"121258";"124018";"433514";"134515";"86518";"563637";"871977";"171019";"670869";"2003047";"499923";"354333";"350584";"146222";"188703";"322974";"152669";"9095174"
"2015/Jul";"94887";"31598";"226082";"36990";"262524";"39177";"67625";"337824";"120405";"486362";"132507";"153619";"446337";"172228";"98301";"597625";"856139";"181293";"784586";"2006800";"491831";"353943";"398206";"151775";"192742";"286465";"125253";"9133124"
"2015/Ago";"153556";"86405";"397373";"60479";"527252";"70650";"137333";"600255";"173287";"637506";"228228";"228069";"737128";"232995";"149725";"1069848";"1277479";"220302";"1109468";"2598492";"681644";"447089";"662851";"252749";"260450";"536556";"175746";"13712915"
"2015/Set";"110061";"37431";"244564";"43209";"270624";"44820";"75133";"368624";"119725";"554526";"144297";"154847";"511236";"2373099";"104764";"692346";"857243";"182349";"691805";"2046431";"413775";"332109";"384850";"161392";"181144";"302792";"40263";"11443459"
"2015/Out";"90856";"38000";"227958";"40181";"256085";"39691";"70745";"326535";"115300";"428143";"131350";"153740";"465325";"160518";"93485";"621953";"749219";"158071";"649288";"1985774";"418292";"274618";"366514";"142089";"173105";"269695";"28525";"8475055"
"2015/Nov";"88304";"33022";"206675";"37740";"248857";"39927";"63693";"309372";"114613";"428315";"120482";"150816";"431405";"138230";"89610";"559100";"724197";"132776";"613269";"1832304";"408993";"260526";"342902";"133045";"170683";"251515";"29138";"7959509"
"2015/Dez";"71314";"25665";"168905";"34911";"171415";"32678";"44990";"211775";"78658";"353581";"97827";"117785";"359296";"104542";"70279";"438178";"618966";"112053";"537749";"1562954";"351617";"188940";"291908";"98140";"127313";"200838";"22225";"6494502"
"2016/Jan";"94414";"38399";"185980";"31106";"276513";"43175";"57818";"263035";"108921";"395770";"103360";"131635";"369056";"124978";"74255";"497727";"671504";"124089";"564729";"1630707";"407525";"245580";"304964";"140157";"159671";"226681";"165874";"7437623"
"2016/Fev";"74344";"34563";"145803";"34061";"235448";"39663";"48651";"224306";"86671";"345694";"88187";"111420";"311768";"93289";"64057";"454087";"597784";"107666";"448627";"1277832";"349115";"198845";"259275";"119031";"139806";"214023";"191051";"6295067"
"2016/Mar";"88417";"34625";"172533";"37995";"249635";"44566";"61387";"251972";"108571";"375922";"101142";"119305";"331928";"114441";"76252";"432415";"647107";"130029";"575154";"1423987";"362472";"224256";"293748";"122977";"154523";"238119";"182134";"6955612"
"2016/Abr";"99499";"42927";"174136";"34230";"269466";"39873";"67571";"274332";"155431";"384434";"106373";"124620";"361090";"120705";"74385";"459112";"770400";"142054";"593437";"1468870";"441771";"487594";"324586";"126914";"162000";"251230";"239753";"7796793"
"2016/Mai";"89802";"48481";"207297";"37036";"266569";"39067";"61877";"285312";"196862";"385303";"107450";"122987";"365317";"118965";"74046";"488364";"812154";"141012";"562658";"1543681";"418936";"441951";"325015";"154219";"166632";"246704";"235642";"7943339"
"2016/Jun";"92732";"34537";"178832";"38691";"265116";"35041";"60917";"251772";"115292";"381771";"99703";"108746";"346862";"112603";"62862";"399977";"678786";"146563";"610785";"1247191";"389027";"296201";"319271";"134502";"157837";"244724";"199766";"7010107"
"2016/Jul";"80530";"29686";"163280";"37916";"220460";"34229";"51268";"222284";"93905";"363626";"109135";"128984";"389355";"128968";"78789";"442440";"646794";"154429";"636327";"1514037";"366785";"253214";"301472";"117501";"157368";"193919";"189064";"7105765"
"2016/Ago";"83329";"30478";"228410";"39885";"277897";"43387";"65354";"250345";"105311";"380519";"106212";"125392";"387128";"125422";"79006";"459702";"697912";"175444";"630708";"1593258";"388760";"232039";"328141";"125594";"154071";"232925";"178230";"7524859"
"2016/Set";"161287";"80058";"422993";"55172";"579646";"72992";"151711";"541309";"241827";"708658";"195214";"237694";"661678";"251274";"146445";"982280";"1755230";"273522";"1093133";"3440931";"801879";"507469";"872214";"255342";"317233";"575502";"355170";"15737863"
"2016/Out";"75376";"30697";"170071";"39338";"208443";"31982";"60377";"226570";"84147";"359702";"94585";"102821";"371252";"105404";"66878";"489579";"635080";"125476";"557253";"1433144";"357797";"212560";"305225";"113603";"143058";"214144";"160499";"6775061"
"2016/Nov";"67158";"32272";"166611";"36166";"229730";"31112";"58864";"233445";"92123";"357544";"95162";"111916";"346473";"123912";"74407";"391584";"604034";"134711";"537111";"1443437";"366653";"227961";"323729";"117671";"137793";"212456";"138911";"6692946"
"2016/Dez";"61555";"25995";"132432";"26775";"180097";"26921";"41335";"146733";"63510";"301680";"74771";"90247";"276753";"86176";"50416";"324868";"521816";"116525";"483783";"1261905";"295274";"165436";"267920";"86017";"111739";"171323";"238385";"5630387"
"2017/Jan";"107274";"38857";"253656";"48066";"384652";"35155";"100503";"366334";"132476";"381446";"90397";"157455";"422629";"149985";"86816";"667082";"2914616";"564454";"748692";"2267634";"522172";"302788";"399192";"181456";"205891";"356772";"168801";"12055251"
"2017/Fev";"104000";"38558";"203502";"66273";"318214";"34896";"90723";"331553";"121784";"334508";"84629";"140102";"383156";"124581";"71368";"738160";"2398815";"717687";"903110";"1970074";"432436";"224463";"321151";"188522";"184353";"292537";"145598";"10964753"
"2017/Mar";"115939";"48970";"298271";"77416";"501969";"44775";"106643";"416522";"148101";"429319";"105622";"164025";"410320";"163535";"95922";"725835";"2235132";"1355934";"3212753";"2517585";"535545";"293385";"482349";"175787";"217483";"336733";"164966";"15380836"
"2017/Abr";"101753";"37675";"215904";"57338";"338298";"37128";"66843";"282117";"108588";"379290";"85945";"135847";"329854";"121554";"74121";"980058";"946841";"290703";"1678508";"1969515";"386745";"268071";"328527";"133328";"169772";"250241";"114765";"9889329"
"2017/Mai";"101269";"45686";"273061";"49828";"341437";"37988";"81657";"327633";"120579";"433316";"96736";"138220";"383684";"143161";"87493";"766537";"951262";"252166";"1281897";"2249874";"455082";"318633";"363383";"153873";"194147";"271114";"133368";"10053084"
"2017/Jun";"73109";"36917";"188091";"35102";"279807";"31063";"61347";"263051";"107002";"390844";"85133";"120954";"345853";"118350";"70428";"579016";"732754";"177641";"971020";"1699499";"376301";"299837";"323308";"125131";"163337";"228375";"100852";"7984122"
"2017/Jul";"64377";"32944";"193853";"39316";"260189";"30805";"52527";"275777";"104651";"398999";"102360";"134615";"362836";"145628";"78465";"518667";"719462";"161468";"994110";"1731916";"392202";"251367";"331673";"123231";"150824";"227634";"103342";"7983238"
"2017/Ago";"75247";"37563";"212291";"46318";"330252";"39028";"75547";"301148";"126557";"498209";"110134";"154615";"386123";"169863";"87610";"534903";"777025";"186496";"831295";"1784813";"455089";"259585";"410541";"137457";"195549";"272940";"102731";"8598929"
"2017/Set";"100823";"71319";"354473";"38206";"536890";"80686";"124066";"595594";"221389";"675639";"219945";"289340";"651838";"271869";"190029";"942995";"1300804";"265599";"1082316";"3069372";"671563";"439619";"598841";"199370";"239789";"486434";"187748";"13906556"
"2017/Out";"77923";"37047";"195305";"47603";"311884";"36299";"71855";"305259";"123980";"433931";"100403";"136203";"383071";"160731";"90343";"507644";"722015";"160740";"722764";"2356930";"386973";"248757";"341111";"108459";"152094";"234977";"106918";"8561219"
"2017/Nov";"65601";"35817";"193819";"34704";"271948";"34815";"61703";"269843";"112591";"410142";"97808";"129681";"354247";"149259";"80554";"457917";"655257";"153234";"628466";"2195140";"396730";"237344";"329653";"112436";"142485";"218773";"92611";"7922578"
"2017/Dez";"53171";"30462";"150759";"24123";"206487";"27279";"47569";"176817";"78802";"319227";"84398";"95504";"299447";"109438";"64543";"337040";"550275";"412835";"586294";"2173120";"303297";"174296";"277719";"91593";"116308";"173116";"89808";"7053727"
"2018/Jan";"91458";"39168";"237298";"43118";"356100";"40588";"83475";"368116";"154173";"493422";"117749";"152268";"415863";"161721";"101967";"725879";"1786511";"176905";"2737960";"4813977";"539350";"331577";"439847";"161625";"186602";"336217";"163560";"15256494"
"2018/Fev";"66813";"33678";"182194";"45397";"256634";"32802";"58495";"277873";"108827";"348896";"94124";"119749";"340578";"125681";"81977";"481329";"1149941";"131112";"786633";"1854712";"402712";"265955";"336067";"119911";"143535";"217479";"102791";"8165895"
"2018/Mar";"82125";"38992";"288743";"107079";"311319";"37047";"68426";"330852";"115792";"391484";"115842";"161706";"361216";"161213";"85538";"487051";"972457";"165681";"738968";"1964611";"424774";"271575";"368871";"125915";"160351";"274571";"113654";"8725853"
"2018/Abr";"79971";"40530";"334576";"96022";"299916";"35738";"72785";"333658";"123023";"464294";"119497";"158160";"391477";"164629";"91294";"507777";"953230";"166344";"693943";"1807622";"473445";"314792";"385514";"128756";"163320";"278204";"119710";"8798227"
"2018/Mai";"87536";"39340";"284171";"72922";"279049";"33486";"67310";"303693";"118153";"430259";"111842";"144548";"382189";"173917";"88229";"490120";"986900";"190123";"722558";"2049883";"452080";"358236";"356740";"141505";"165790";"247057";"114728";"8892364"
"2018/Jun";"77652";"33138";"234577";"52105";"259024";"30815";"56982";"257372";"105079";"388834";"99019";"129372";"361534";"135818";"80807";"401669";"846994";"160364";"894724";"1805497";"414971";"303154";"349803";"127067";"146257";"225768";"113530";"8091926"
"2018/Jul";"138877";"39502";"581957";"61893";"335140";"37164";"61492";"316842";"126919";"456360";"132421";"170265";"446142";"184007";"112735";"593224";"1033489";"190396";"526092";"2367778";"516821";"321760";"440469";"144557";"171267";"275630";"134116";"9917315"
"2018/Ago";"134188";"72646";"556559";"59952";"476956";"70064";"113793";"490550";"241329";"670690";"165542";"235847";"645254";"228572";"144764";"789317";"1585334";"363259";"733727";"3076235";"1038753";"676128";"591486";"240183";"274738";"396437";"199768";"14272071"
"2018/Set";"79137";"34714";"279503";"39823";"303202";"37582";"60386";"273408";"123594";"381027";"114657";"160395";"403445";"147462";"90263";"505773";"823964";"166891";"469581";"1658712";"428974";"287366";"330354";"153269";"148904";"236918";"115590";"7854894"
"2018/Out";"77014";"37836";"257870";"65675";"308859";"40057";"72182";"298153";"127231";"411006";"120357";"167752";"417654";"151992";"100097";"537588";"890445";"177619";"695909";"1814536";"537281";"403075";"394171";"139418";"169187";"259244";"120011";"8792219"
"2018/Nov";"68930";"32721";"205095";"63046";"285931";"34560";"61103";"250417";"115971";"363815";"105335";"142577";"357439";"135996";"92158";"454527";"732328";"180304";"484834";"1636340";"803637";"381897";"358794";"126306";"147517";"239015";"101797";"7962390"
"2018/Dez";"58752";"26697";"171852";"56998";"216711";"27652";"47566";"178918";"84572";"280393";"102440";"113640";"280053";"114947";"65903";"346051";"594591";"128373";"446073";"1400693";"435666";"249577";"279979";"92908";"119937";"177173";"91190";"6189305"
"2019/Jan";"82237";"40682";"256039";"72926";"356131";"44310";"74708";"326883";"134964";"370722";"123035";"170937";"415113";"141738";"102526";"552713";"847333";"184476";"545274";"1993758";"595064";"331420";"398592";"145287";"171185";"282321";"131040";"8891414"
"2019/Fev";"71341";"37351";"229700";"55377";"327355";"37951";"58958";"266001";"111338";"312480";"104295";"152615";"344810";"141536";"83179";"461852";"698731";"157426";"451791";"1724581";"820894";"634251";"349745";"120782";"134883";"224380";"105523";"8219126"
"2019/Mar";"71163";"36522";"288559";"53817";"324522";"37158";"62492";"270177";"111475";"327593";"102980";"151597";"358676";"130575";"85848";"475235";"752646";"167541";"485633";"1843941";"683813";"678717";"365809";"128522";"147572";"271061";"114111";"8527755"
"2019/Abr";"86015";"41670";"283221";"52092";"336084";"36998";"74337";"314361";"126852";"380194";"117957";"184099";"392795";"151912";"95396";"526198";"933847";"194183";"468606";"1952853";"665428";"904674";"446235";"146822";"173925";"290296";"116994";"9494044"
"2019/Mai";"88568";"40283";"247671";"61621";"334859";"38210";"78371";"318745";"127943";"376195";"122188";"171292";"435169";"161969";"103439";"537135";"1042488";"214029";"522841";"2221480";"626749";"565736";"422462";"154124";"182518";"285416";"140270";"9621771"
"2019/Jun";"74321";"37626";"208097";"33496";"299320";"32694";"62222";"244994";"110521";"308681";"96672";"134489";"302452";"120032";"68847";"385528";"757639";"148810";"466326";"1828486";"485889";"350078";"358681";"122369";"139892";"207976";"105828";"7491966"
"2019/Jul";"80200";"41300";"227808";"39703";"330618";"35682";"65127";"291717";"131260";"357299";"129091";"184791";"388709";"161336";"94788";"566430";"862703";"200287";"573431";"3456743";"530001";"394311";"436266";"153013";"165137";"257184";"126629";"10281564"
"2019/Ago";"83566";"38967";"244090";"47430";"360301";"41384";"81290";"310602";"137528";"369445";"158457";"185651";"604679";"175269";"110549";"789298";"1041318";"307281";"588376";"3783315";"694421";"427337";"433914";"153269";"175876";"291158";"186593";"11821364"
"2019/Set";"91380";"37878";"230625";"48341";"380274";"36309";"74693";"331960";"145389";"361175";"145985";"216765";"593968";"172033";"109721";"684294";"1120250";"208899";"557506";"2299153";"636914";"409293";"377091";"164181";"165657";"282268";"136782";"10018784"
"2019/Out";"104087";"45440";"252749";"70431";"500042";"43542";"82630";"333263";"156702";"357005";"144470";"200838";"458249";"177756";"102830";"753918";"995763";"206267";"568687";"2151487";"743531";"501493";"493289";"164140";"198231";"282258";"141714";"10230812"
"2019/Nov";"79399";"41413";"208671";"51731";"367945";"34882";"69935";"277274";"167770";"390101";"122405";"185556";"367544";"163344";"102750";"556705";"798155";"188374";"715198";"1690105";"587319";"496679";"422994";"135364";"168138";"240472";"106345";"8736568"
"2019/Dez";"53573";"30822";"158480";"45694";"248664";"26130";"45655";"175419";"88635";"256831";"74907";"88082";"242880";"92239";"63335";"336454";"533886";"130513";"328222";"1236439";"348371";"218026";"284444";"103477";"110847";"135510";"93995";"5551530"
"2020/Jan";"80262";"44533";"263923";"58560";"398676";"38336";"80917";"278065";"145977";"396604";"116613";"149508";"387959";"146368";"79568";"544218";"831011";"200628";"499657";"2020197";"518281";"415329";"430596";"121780";"185018";"273797";"149629";"8856010"
"2020/Fev";"89834";"39364";"228216";"50014";"417915";"37771";"76695";"330326";"159806";"408244";"127923";"147865";"365650";"148689";"84873";"585882";"946925";"190194";"724837";"1861551";"823362";"625154";"573645";"130425";"205769";"264662";"149376";"9794967"
"2020/Mar";"78114";"34534";"217488";"42947";"392096";"30724";"63448";"285166";"134782";"308411";"99423";"118675";"495870";"137671";"84363";"543610";"828761";"164090";"736331";"1834855";"632087";"376662";"387579";"104080";"148507";"229445";"124728";"8634447"
"2020/Abr";"56544";"21420";"63594";"22284";"191437";"9216";"54025";"150891";"70916";"270382";"65640";"84562";"264186";"78869";"55420";"384007";"728877";"106590";"277724";"1324709";"371378";"271257";"272659";"82466";"112301";"174112";"87404";"5652870"
"2020/Mai";"74602";"29677";"165555";"24743";"214889";"10790";"72978";"179921";"109813";"314289";"109184";"128850";"424607";"110871";"71128";"537246";"1044359";"167371";"401166";"1997594";"586355";"365397";"382399";"125843";"169311";"307735";"136282";"8262955"
"2020/Jun";"78198";"25822";"223704";"27614";"306007";"18995";"73122";"239624";"117329";"351710";"89335";"113166";"368234";"99478";"68560";"542767";"954110";"152238";"421082";"1856516";"493210";"320407";"389297";"127461";"149123";"251859";"120248";"7979216"
"2020/Jul";"79135";"33828";"205157";"54178";"409829";"30652";"70584";"322576";"126820";"432652";"123535";"170241";"493158";"143564";"82812";"640434";"1107761";"194722";"455478";"2163593";"556154";"334665";"439245";"138665";"168303";"270897";"112715";"9361353"
"2020/Ago";"80148";"29471";"223981";"30106";"406231";"28166";"71569";"297778";"138726";"476414";"153341";"144872";"469470";"327697";"93528";"585242";"1070736";"267484";"463346";"2070485";"496881";"274254";"387641";"124898";"157033";"255434";"152619";"9277551"
"2020/Set";"72766";"32871";"197872";"31322";"390560";"30374";"64738";"266300";"119148";"381218";"125328";"131883";"405992";"158388";"68376";"520044";"756065";"205018";"396601";"1659716";"439961";"263679";"336723";"112957";"147952";"246949";"120340";"7683141"
"2020/Out";"103358";"44162";"273949";"39982";"415450";"43504";"98563";"362080";"184943";"618842";"184902";"220340";"670374";"193965";"166113";"681498";"1139640";"277350";"711286";"2290432";"643555";"448464";"595649";"169832";"253102";"457749";"162028";"11451112"
"2020/Nov";"85257";"32184";"191804";"28182";"313078";"16039";"65236";"228366";"117792";"318727";"113039";"130402";"431093";"128317";"99695";"471699";"735126";"170424";"423077";"1525382";"550943";"303499";"423375";"124712";"170446";"268815";"120890";"7587599"
"2020/Dez";"52401";"24494";"156035";"26065";"199488";"23791";"46999";"157762";"76192";"234628";"80139";"89812";"252744";"89591";"58760";"325030";"531944";"125582";"299098";"1121227";"362373";"192289";"272334";"78822";"108898";"163304";"86163";"5235965"
"2021/Jan";"51751";"28181";"124404";"32707";"252277";"44033";"59758";"211966";"103354";"307644";"84391";"118643";"279210";"108358";"66285";"365956";"611756";"147328";"368989";"1482102";"412190";"261376";"297170";"96911";"139667";"193494";"106074";"6355975"
"2021/Fev";"51105";"21835";"147960";"29245";"228860";"55372";"46187";"176713";"94643";"232340";"72825";"92781";"251389";"94172";"56915";"337095";"510833";"112041";"297660";"1186757";"374487";"249806";"254853";"82549";"118288";"169344";"83150";"5429205"
"2021/Mar";"61012";"26564";"188642";"34851";"266065";"24250";"57224";"194708";"95858";"236838";"86780";"100421";"280631";"114137";"65286";"386144";"589619";"126556";"356968";"1305397";"349406";"257065";"294122";"89864";"132490";"204363";"104832";"6030093"
"2021/Abr";"61982";"28231";"185016";"35844";"246844";"27969";"58057";"202194";"88137";"274605";"89020";"106371";"273482";"105806";"63357";"329713";"650676";"128486";"314522";"1562850";"387123";"276674";"331413";"103767";"135782";"255299";"105226";"6428446"
"2021/Mai";"47543";"16240";"121850";"7928";"134257";"14653";"34049";"94715";"46810";"80603";"55212";"55397";"152564";"69117";"28209";"190565";"305408";"77844";"234847";"563354";"133383";"93988";"118359";"54178";"84798";"105578";"89869";"3011318"
"2021/Dez";"0";"0";"0";"0";"0";"0";"0";"0";"0";"0";"0";"0";"0";"0";"0";"0";"0";"0";"0";"0";"0";"1";"0";"0";"0";"0";"0";"1"
"Total";"35260489";"19118194";"83447447";"13704119";"164367908";"14413802";"31278948";"144770529";"57433652";"154019689";"51144426";"63145027";"172509410";"62072423";"37679715";"266283454";"341174852";"67349625";"248003941";"681051447";"182038486";"108771435";"163920382";"49368772";"66414517";"121704973";"49059414";"3449507076"
